0.0,0.0,0.0,0.0
0.48944213490096405,3.145733178365945e-05,-429.86436723027754,0.0011683338848982694
0.489418277162287,3.146538392965578e-05,-429.84029184127417,0.0011683504102216124
0.4893922402791069,3.147416771457114e-05,-429.8140192949705,0.0011683684371911454
0.48936402157495457,3.1483683040520096e-05,-429.7855473778978,0.0011683879656352646
0.4893336181502533,3.1493929801367015e-05,-429.75487369219803,0.0011684089953678616
0.4893010268823034,3.15049078827e-05,-429.72199565564017,0.0011684315261882739
0.48926624442526484,3.151661716180868e-05,-429.68691050163767,0.0011684555578812318
0.489229267210138,3.152905750765834e-05,-429.6496152792671,0.0011684810902168029
0.48919009144474596,3.1542228780859556e-05,-429.61010685328864,0.00116850812295033
0.4891487131137126,3.155613083363981e-05,-429.5683819041674,0.0011685366558223669
0.4891051279784414,3.157076350981374e-05,-429.5244369280964,0.0011685666885586127
0.4890593315770932,3.158612664474663e-05,-429.478268237021,0.0011685982208698366
0.48901131922456276,3.160222006532055e-05,-429.4298719586646,0.0011686312524518047
0.4889610860124537,3.1619043589898906e-05,-429.3792440365559,0.0011686657829851992
0.48890862680905356,3.163659702828699e-05,-429.3263802300579,0.0011687018121355353
0.4888539362593075,3.165488018169039e-05,-429.2712761143978,0.0011687393395530751
0.4887970087847912,3.1673892842674536e-05,-429.21392708069885,0.0011687783648727354
0.48873783858368247,3.1693634795121155e-05,-429.15432833601415,0.001168818887713993
0.4886764196307338,3.171410581418079e-05,-429.09247490336105,0.0011688609076807885
0.48861274567724133,3.173530566622761e-05,-429.0283616217583,0.0011689044243614194
0.4885468102510161,3.1757234108808336e-05,-428.9619831462639,0.0011689494373284385
0.4884786066563522,3.1779890890592995e-05,-428.89333394801514,0.0011689959461385414
0.48840812797399674,3.180327575132043e-05,-428.82240831427066,0.001169043950332453
0.48833536706111735,3.182738842174683e-05,-428.7492003484536,0.0011690934494348103
0.4882603165512696,3.1852228623584446e-05,-428.6737039701971,0.0011691444429540402
0.48818296885436413,3.1877796069450777e-05,-428.5959129153912,0.0011691969303822345
0.4881033161566344,3.1904090462802144e-05,-428.51582073623223,0.0011692509111950213
0.48802135042060263,3.193111149787522e-05,-428.43342080127354,0.0011693063848514295
0.48793706338504567,3.195885885962398e-05,-428.3487062954784,0.0011693633507937552
0.4878504465649618,3.198733222365334e-05,-428.26167022027516,0.0011694218084474185
0.4877614912515363,3.201653125615369e-05,-428.1723053936143,0.0011694817572208197
0.48767018851210664,3.204645561383e-05,-428.0806044500272,0.0011695431965051903
0.4875765291901295,3.207710494383486e-05,-427.9865598406879,0.0011696061256744406
0.4874805039051451,3.2108478883693305e-05,-427.8901638334764,0.001169670544085004
0.4873821030527446,3.2140577061228616e-05,-427.79140851304436,0.0011697364510756766
0.487281316804535,3.217339909448931e-05,-427.69028578088336,0.0011698038459674511
0.4871781351081059,3.220694459166978e-05,-427.5867873553951,0.0011698727280633533
0.48707254768699654,3.224121315102941e-05,-427.4809047719645,0.0011699430966482642
0.48696454404066186,3.2276204360815096e-05,-427.3726293830349,0.0011700149509887492
0.4868541134444413,3.2311917799174554e-05,-427.2619523581859,0.0011700882903328763
0.4867412449495258,3.234835303407438e-05,-427.1488646842141,0.0011701631139100323
0.48662592738292687,3.2385509623211445e-05,-427.03335716521553,0.001170239420930735
0.48650814934744663,3.242338711392557e-05,-426.91542042267247,0.001170317210586442
0.4863878992216464,3.2461985043109214e-05,-426.79504489554097,0.0011703964820493568
0.48626516515981966,3.250130293711506e-05,-426.67222084034313,0.0011704772344722258
0.48613993509196307,3.254134031166308e-05,-426.54693833126095,0.0011705594669881383
0.4860121967237494,3.2582096671744395e-05,-426.4191872602338,0.001170643178710317
0.48588193753650283,3.262357151152323e-05,-426.28895733705866,0.001170728368731908
0.48574914478717357,3.266576431423841e-05,-426.1562380894936,0.001170815036125765
0.48561380550831496,3.27086745521023e-05,-426.0210188633647,0.001170903179944229
0.4854759065080619,3.275230168619835e-05,-425.88328882267524,0.0011709927992189077
0.4853354343701103,3.2796645166376055e-05,-425.7430369497195,0.001171083892960445
0.48519237545369964,3.284170443114283e-05,-425.60025204519917,0.0011711764601582927
0.48504671589359494,3.288747890755753e-05,-425.4549227283432,0.0011712704997804732
0.4848984416000722,3.293396801112152e-05,-425.3070374370317,0.0011713660107733404
0.48474753825890654,3.298117114566268e-05,-425.15658442792306,0.0011714629920613379
0.4845939913313592,3.302908770322595e-05,-425.00355177658474,0.0011715614425467505
0.48443778605417076,3.307771706395412e-05,-424.8479273776284,0.001171661361109453
0.4842789074395539,3.3127058595972234e-05,-424.6896989448481,0.0011717627466066548
0.48411734027518977,3.317711165526854e-05,-424.5288540113632,0.001171865597872641
0.483953069124226,3.3227875585572124e-05,-424.36537992976486,0.0011719699137185081
0.483786078325278,3.3279349718230846e-05,-424.19926387226656,0.0011720756929318975
0.4836163519924336,3.333153337208514e-05,-424.0304928308596,0.0011721829342767225
0.48344387401525907,3.338442585334279e-05,-423.8590536174719,0.0011722916364928946
0.48326862805880977,3.343802645544995e-05,-423.684932864132,0.0011724017982960415
0.48309059756364225,3.3492334458960815e-05,-423.50811702313723,0.0011725134183772248
0.4829097657458315,3.354734913140475e-05,-423.32859236722624,0.001172626495402652
0.48272611559699025,3.360306972715277e-05,-423.14634498975687,0.0011727410280133836
0.48253962988429255,3.3659495487280746e-05,-422.9613608048881,0.0011728570148250381
0.48235029115050054,3.371662563943334e-05,-422.7736255477675,0.0011729744544274907
0.48215808171399543,3.377445939768249e-05,-422.5831247747232,0.0011730933453845695
0.48196298366881185,3.383299596238697e-05,-422.389843863461,0.0011732136862337473
0.4817649788846779,3.389223452004813e-05,-422.1937680132671,0.0011733354754858282
0.48156404900705724,3.3952174243166116e-05,-421.99488224521576,0.0011734587116246319
0.4813601754571974,3.401281429009082e-05,-421.79317140238226,0.0011735833931066715
0.4811533394321818,3.4074153804873994e-05,-421.5886201500618,0.0011737095183608293
0.4809435219049868,3.413619191711827e-05,-421.38121297599355,0.001173837085788028
0.4807307036245436,3.41989277418238e-05,-421.17093419059114,0.0011739660937608966
0.4805148651158047,3.426236037923549e-05,-420.95776792717777,0.0011740965406234318
0.4802959866798166,3.4326488914683895e-05,-420.74169814222887,0.0011742284246906594
0.48007404839379675,3.4391312418428045e-05,-420.52270861561936,0.0011743617442482857
0.47984903011121754,3.4456829945496487e-05,-420.30078295087844,0.001174496497552348
0.4796209114618935,3.452304053552235e-05,-420.0759045754493,0.0011746326828288608
0.47938967185207726,3.458994321258289e-05,-419.84805674095674,0.001174770298273458
0.4791552904645599,3.465753698502911e-05,-419.6172225234801,0.0011749093420510275
0.4789177462587775,3.472582084532298e-05,-419.3833848238337,0.0011750498122953478
0.478677017970925,3.4794793769863335e-05,-419.14652636785365,0.001175191707108715
0.4784330841140755,3.4864454718817006e-05,-418.90662970669183,0.0011753350245615668
0.47818592297830764,3.4934802635945535e-05,-418.66367721711686,0.0011754797626921051
0.47793551263083917,3.500583644842748e-05,-418.4176511018223,0.0011756259195059105
0.4776818309161677,3.5077555066683565e-05,-418.1685333897421,0.0011757734929755544
0.4774248554562188,3.514995738419664e-05,-417.91630593637365,0.0011759224810402081
0.4771645636505021,3.522304227733031e-05,-417.6609504241084,0.001176072881605245
0.4769009326762747,3.5296808605147096e-05,-417.4024483625703,0.00117622469254184
0.4766339394887125,3.537125520922345e-05,-417.1407810889615,0.0011763779116865647
0.47636356082109044,3.54463809134614e-05,-416.8759297684174,0.0011765325368409787
0.47608977318496987,3.552218452390223e-05,-416.6078753943684,0.0011766885657712156
0.4758125528703956,3.559866482853522e-05,-416.33659878891103,0.0011768459962075647
0.47553187594610113,3.567582059710482e-05,-416.06208060318687,0.001177004825844051
0.4752477182597229,3.5753650580917665e-05,-415.7843013177705,0.0011771650523380057
0.4749600554380248,3.583215351264368e-05,-415.5032412430659,0.0011773266733096377
0.47466886288712984,3.5911328106122765e-05,-415.218880519712,0.0011774896863416
0.47437411579276423,3.599117305616006e-05,-414.9311991189974,0.0011776540889785476
0.47407578912050935,3.607168703832641e-05,-414.6401768432835,0.0011778198787266959
0.4737738576160644,3.6152868708756706e-05,-414.345793326438,0.0011779870530533724
0.4734682958055208,3.623471670393889e-05,-414.04802803427776,0.001178155609386566
0.47315907799564416,3.6317229640511784e-05,-413.74686026502036,0.0011783255451144697
0.47284617827417014,3.640040611505393e-05,-413.44226914974683,0.0011784968575850195
0.4725295705101101,3.648424470387034e-05,-413.13423365287383,0.0011786695441054307
0.47220922835406703,3.656874396278325e-05,-412.8227325726355,0.001178843601941729
0.47188512523856585,3.665390242691361e-05,-412.5077445415766,0.0011790190283182764
0.4715572343783923,3.673971861046702e-05,-412.18924802705544,0.001179195820417294
0.47122552877094637,3.6826191006512686e-05,-411.86722133175806,0.00117937397537838
0.4708899811966069,3.691331808676395e-05,-411.5416425942225,0.0011795534902980227
0.4705505642191092,3.7001098301354626e-05,-411.2124897893748,0.0011797343622291124
0.4702072501859349,3.708953007861755e-05,-410.879740729076,0.0011799165881804443
0.46986001122871573,3.717861182485476e-05,-410.5433730626805,0.0011801001651162205
0.4695088192636507,3.7268341924111965e-05,-410.2033642776058,0.0011802850899555466
0.4691536459919362,3.735871873794677e-05,-409.8596916999141,0.0011804713595719245
0.46879446290021065,3.744974060519874e-05,-409.5123324949063,0.0011806589707927405
0.4684312412610133,3.754140584175345e-05,-409.16126366772687,0.0011808479203987486
0.4680639521332576,3.763371274030852e-05,-408.8064620639826,0.0011810382051235515
0.4676925663627188,3.772665957013687e-05,-408.4479043703727,0.0011812298216530746
0.46731705458253764,3.7820244576845044e-05,-408.0855671153318,0.0011814227666250385
0.46693738721373906,3.791446598213406e-05,-407.71942666968613,0.0011816170366284262
0.46655353446576553,3.8009321983556064e-05,-407.3494592473225,0.001181812628202944
0.4661654663370285,3.8104810754269e-05,-406.97564090587065,0.0011820095378384824
0.4657731526154739,3.8200930442791126e-05,-406.59794754739863,0.001182207761974569
0.4653765628791656,3.829767917275254e-05,-406.21635491912275,0.0011824072969998192
0.46497566649688626,3.8395055042642564e-05,-405.8308386141305,0.0011826081392513814
0.4645704326287528,3.849305612556165e-05,-405.4413740721178,0.0011828102850143815
0.4641608302268531,3.8591680468963874e-05,-405.04793658014063,0.0011830137305213562
0.46374682803589745,3.869092609440415e-05,-404.6505012733809,0.0011832184719516906
0.46332839459388975,3.879079099727871e-05,-404.24904313592725,0.0011834245054310449
0.46290549823281674,3.889127314656741e-05,-403.8435370015708,0.0011836318270307805
0.4624781070793566,3.899237048457159e-05,-403.4339575546152,0.0011838404327673814
0.46204618905560546,3.909408092665234e-05,-403.0202793307032,0.0011840503186018713
0.46160971187982525,3.919640236096552e-05,-402.60247671765774,0.0011842614804392242
0.4611686430672095,3.929933264819543e-05,-402.18052395633924,0.0011844739141277775
0.4607229499306709,3.940286962128619e-05,-401.75439514151856,0.0011846876154586326
0.4602725995816484,3.950701108517328e-05,-401.32406422276665,0.0011849025801650575
0.45981755893093584,3.961175481651128e-05,-400.88950500536015,0.001185118803921884
0.45935779468953064,3.971709856340181e-05,-400.4506911512034,0.0011853362823448983
0.4588932733695065,3.9823040045115954e-05,-400.007596179768,0.0011855550109902326
0.4584239612849055,3.992957695182105e-05,-399.560193469049,0.0011857749853537468
0.45794982455265326,4.0036706944299115e-05,-399.10845625653815,0.0011859962008704116
0.45747082909349834,4.014442765366968e-05,-398.6523576402151,0.0011862186529136838
0.45698694063297224,4.0252736681106444e-05,-398.1918705795565,0.0011864423367948793
0.456498124702375,4.036163159755466e-05,-397.7269678965623,0.0011866672477625437
0.456004346639783,4.0471109943446206e-05,-397.2576222768012,0.0011868933810018157
0.4555055715910824,4.05811692284125e-05,-396.7838062704741,0.0011871207316337894
0.455001764511026,4.0691806930997045e-05,-396.30549229349606,0.0011873492947148713
0.4544928901643151,4.080302049836542e-05,-395.8226526285979,0.001187579065236134
0.4539789131267083,4.0914807346013334e-05,-395.335259426446,0.0011878100381226668
0.4534597977861538,4.102716485747462e-05,-394.8432847067825,0.001188042208232922
0.4529355083439499,4.1140090384025706e-05,-394.3467003595849,0.0011882755703580565
0.4524060088159302,4.125358124439156e-05,-393.84547814624455,0.0011885101192212716
0.45187126303367753,4.136763472444387e-05,-393.3395897007675,0.0011887458494771474
0.4513312346457639,4.1482248076908185e-05,-392.8290065309932,0.0011889827557109763
0.45078588711901973,4.159741852105713e-05,-392.31370001983623,0.0011892208324380887
0.45023518373982874,4.171314324241288e-05,-391.79364142654714,0.0011894600741031794
0.449679087615455,4.182941939243969e-05,-391.2688018879954,0.0011897004750796277
0.4491175616753956,4.1946244088243955e-05,-390.7391524199738,0.0011899420296688158
0.4485505686727651,4.206361441226201e-05,-390.2046639185239,0.0011901847320994416
0.4479780711857091,4.218152741195639e-05,-389.66530716128443,0.0011904285765268316
0.44740003161884767,4.2299980099506446e-05,-389.12105280886084,0.0011906735570322473
0.4468164122047508,4.241896945149373e-05,-388.57187140621807,0.0011909196676221886
0.4462271750054435,4.2538492408595884e-05,-388.01773338409555,0.0011911669022276958
0.44563228191394394,4.265854587526881e-05,-387.45860906044584,0.0011914152547036483
0.4450316946558329,4.2779126719433684e-05,-386.8944686418959,0.001191664718828056
0.44442537479085603,4.2900231772161894e-05,-386.3252822252321,0.0011919152883013543
0.4438132837145591,4.3021857827357664e-05,-385.7510197989094,0.0011921669567456902
0.4431953826599563,4.314400164143754e-05,-385.1716512445838,0.0011924197177042095
0.44257163269923355,4.3266659933012305e-05,-384.58714633866987,0.0011926735646403364
0.44194199474548446,4.338982938256871e-05,-383.9974747539227,0.0011929284909370566
0.44130642955448307,4.3513506632142693e-05,-383.4026060610445,0.0011931844898961915
0.4406648977264903,4.363768828499883e-05,-382.8025097303166,0.001193441554737672
0.4400173597080971,4.376237090530761e-05,-382.19715513325696,0.0011936996785988118
0.4393637757941031,4.388755101781684e-05,-381.58651154430277,0.0011939588545335734
0.43870410612943256,4.401322510752843e-05,-380.97054814251993,0.001194219075511835
0.43803831071108806,4.413938961936822e-05,-380.3492340133384,0.0011944803344186546
0.4373663493901397,4.4266040957859215e-05,-379.7225381503137,0.0011947426240535282
0.4366881818737553,4.4393175486792876e-05,-379.09042945691584,0.0011950059371296509
0.4360037677272667,4.452078952889653e-05,-378.45287674834515,0.0011952702662731717
0.4353130663762771,4.4648879365504245e-05,-377.8098487533753,0.0011955356040224468
0.43461603710880653,4.477744123622385e-05,-377.1613141162242,0.001195801942827291
0.4339126390774788,4.490647133860381e-05,-376.50724139845295,0.0011960692750482285
0.4332028313017475,4.5035965827799266e-05,-375.8475990808925,0.0011963375929557377
0.4324865726701646,4.5165920816239493e-05,-375.18235556559966,0.0011966068887294978
0.43176382194268975,4.529633237328966e-05,-374.51147917784095,0.0011968771544576323
0.43103453775304135,4.542719652491633e-05,-373.8349381681063,0.00119714838213595
0.4302986786110914,4.5558509253351626e-05,-373.1527007141519,0.0011974205636671835
0.4295562029053029,4.569026649675345e-05,-372.46473492307274,0.0011976936908602292
0.42880706890520964,4.582246414887067e-05,-371.77100883340455,0.0011979677554293821
0.42805123476394236,4.5955098058701156e-05,-371.0714904172569,0.001198242748993571
0.4272886585207975,4.608816403015683e-05,-370.36614758247623,0.001198518663075592
0.4265192981038524,4.622165782171976e-05,-369.6549481748398,0.00119879548910134
0.4257431113326253,4.6355575146106094e-05,-368.9378599802805,0.0011990732183990405
0.4249600559207817,4.648991166992444e-05,-368.21485072714387,0.0011993518421984787
0.42417008947888823,4.6624663013332475e-05,-367.48588808847546,0.0011996313516302267
0.42337316951721216,4.6759824749700186e-05,-366.7509396843415,0.0011999117377248726
0.4225692534485698,4.6895392405266664e-05,-366.0099730841809,0.0012001929914122482
0.42175829859122244,4.70313614587978e-05,-365.26295580919,0.001200475103520652
0.4209402621718218,4.716772734124653e-05,-364.5098553347404,0.0012007580647760768
0.4201151013284037,4.730448543540824e-05,-363.7506390928296,0.0012010418658014337
0.41928277311343215,4.7441631075583604e-05,-362.9852744745652,0.0012013264971157762
0.41844323449689386,4.7579159547230956e-05,-362.2137288326824,0.0012016119491335244
0.41759644236944315,4.7717066086628314e-05,-361.4359694840963,0.0012018982121636884
0.41674235354559797,4.785534588053032e-05,-360.65196371248715,0.0012021852764090932
0.41588092476698896,4.7993994065826676e-05,-359.8616787709216,0.001202473131965601
0.4150121127056588,4.8133005729200495e-05,-359.06508188450744,0.001202761768821333
0.41413587396741713,4.827237590678738e-05,-358.2621402530843,0.0012030511768558998
0.41325216509524637,4.8412099583833255e-05,-357.4528210539493,0.0012033413458396177
0.41236094257276296,4.855217169435501e-05,-356.63709144461865,0.0012036322654327405
0.41146216282773235,4.869258712080045e-05,-355.81491856562457,0.0012039239251846806
0.4105557822356398,4.883334069370595e-05,-354.98626954334924,0.0012042163145332366
0.4096417571233155,4.897442719136179e-05,-354.15111149289476,0.001204509422803822
0.4087200437726164,4.9115841339467e-05,-353.30941152098967,0.0012048032392086906
0.40779059842416465,4.925757781079763e-05,-352.46113672893307,0.0012050977528461682
0.40685337728114224,4.939963122486537e-05,-351.60625421557535,0.0012053929526998828
0.405908336513145,4.954199614758196e-05,-350.7447310803374,0.001205688827637995
0.40495543226009134,4.9684667090924235e-05,-349.8765344262663,0.0012059853664124342
0.4039946206361942,4.982763851259643e-05,-349.0016313631307,0.0012062825576581327
0.40302585773398675,4.997090481570038e-05,-348.1199890105533,0.001206580389892264
0.40204909962841245,5.011446034839951e-05,-347.2315745011827,0.0012068788515134817
0.40106430238097207,5.0258299403586564e-05,-346.3363549839035,0.00120717793080116
0.4000714220439323,5.040241621855534e-05,-345.4342976270864,0.0012074776159146402
0.3990704146645955,5.0546804974669516e-05,-344.5253696218767,0.0012077778948924758
0.39806123628963075,5.069145979703512e-05,-343.60953818552343,0.0012080787556516819
0.3970438429694672,5.0836374754173026e-05,-342.6867705647473,0.0012083801859869877
0.3960181907627495,5.0981543857693945e-05,-341.7570340391501,0.001208682173570091
0.39498423574085684,5.112696106197537e-05,-340.8202959246632,0.001208984705948918
0.3939419339924842,5.127262026383797e-05,-339.87652357703746,0.001209287770546883
0.3928912416282895,5.141851530222592e-05,-338.92568439537376,0.0012095913546621563
0.39183211478560315,5.156463995788868e-05,-337.9677458256949,0.0012098954454669304
0.3907645096332041,5.1710987953062436e-05,-337.0026753645579,0.001210200030006696
0.38968838237615994,5.185755295115637e-05,-336.0304405627095,0.0012105050951995164
0.38860368926073346,5.2004328556439155e-05,-335.0510090287816,0.001210810627835312
0.38751038657935544,5.215130831372782e-05,-334.0643484330301,0.0012111166145751424
0.38640843067566355,5.229848570808067e-05,-333.0704265111154,0.0012114230419505018
0.38529777794960907,5.244585416448894e-05,-332.0692110679249,0.0012117298963626097
0.38417838486263084,5.259340704757189e-05,-331.06066998143916,0.001212037164081715
0.38305020794289657,5.2741137661278334e-05,-330.04477120663984,0.0012123448312464002
0.3819132037906136,5.288903924858493e-05,-329.02148277946145,0.0012126528838628937
0.3807673290834074,5.303710499120043e-05,-327.99077282078565,0.0012129613078043873
0.37961254058177,5.3185328009271294e-05,-326.9526095404798,0.0012132700888103577
0.3784487951345773,5.3333701361092676e-05,-325.906961241478,0.0012135792124858976
0.3772760496846773,5.348221804281724e-05,-324.8537963239072,0.0012138886643010501
0.3760942612745467,5.363087098817333e-05,-323.79308328925595,0.0012141984295901517
0.3749033870520213,5.377965306818008e-05,-322.7247907445882,0.001214508493551182
0.37370338427609384,5.392855709087045e-05,-321.64888740680084,0.0012148188412451166
0.3724942103227861,5.407757580101458e-05,-320.56534210692604,0.0012151294575952951
0.3712758226910911,5.422670187985028e-05,-319.474123794478,0.0012154403273867884
0.3700481790089883,5.4375927944810205e-05,-318.37520154184426,0.001215751435265779
0.3688112370395298,5.452524654926076e-05,-317.2685445487219,0.001216062765738948
0.3675649546870012,5.467465018223887e-05,-316.15412214659904,0.0012163743031728673
0.36630929000315365,5.482413126819435e-05,-315.0319038032812,0.001216686031793408
0.36501631995691214,5.497367846724445e-05,-313.9018586393305,0.0012169979337926572
0.3637412917750301,5.5123269010378474e-05,-312.7639547528551,0.0012173099854035456
0.36245663690997254,5.5272913375143804e-05,-311.61816463622125,0.0012176221797593843
0.36116232030307677,5.542260362805511e-05,-310.46445835298397,0.0012179345004679702
0.3598583059020693,5.5572331773285456e-05,-309.3028061291923,0.001218246930995311
0.3585445569323451,5.572208975166079e-05,-308.13317835804736,0.001218559454664693
0.35722103611115785,5.587186943983455e-05,-306.95554560464615,0.0012188720546558482
0.35588770581625584,5.602166264960661e-05,-305.76987861079937,0.0012191847140042027
0.35454452821750326,5.6171461127352965e-05,-304.5761482999199,0.0012194974156001898
0.3531914653778646,5.6321256553541884e-05,-303.37432578197394,0.0012198101421886187
0.35182847932859346,5.6471040542318914e-05,-302.1643823584921,0.0012201228763680824
0.3504555321223678,5.6620804641139176e-05,-300.9462895276358,0.001220435600590403
0.3490725858673454,5.677054033042984e-05,-299.72001898931717,0.001220748297160099
0.3476796027445733,5.692023902327223e-05,-298.48554265036876,0.0012210609482338737
0.3462765450108183,5.7069892065088185e-05,-297.24283262976326,0.0012213735358201157
0.3448633749886304,5.721949073332138e-05,-295.99186126388037,0.001221686041778405
0.34344005504527664,5.736902623710049e-05,-294.732601111821,0.0012219984478190212
0.34200654756204857,5.7518489716878235e-05,-293.4650249607679,0.0012223107355024496
0.3405628148953444,5.7667872244033886e-05,-292.1891058313928,0.0012226228862388811
0.33910881933082065,5.781716482044117e-05,-290.90481698331104,0.0012229348812877
0.3376445230318035,5.796635837798035e-05,-289.6121319205828,0.0012232467017569608
0.3361698879830239,5.811544377800411e-05,-288.3110243972637,0.0012235583286028474
0.3346848759306022,5.8264411810744044e-05,-287.001468423005,0.0012238697426291173
0.33318944831903846,5.8413253194655974e-05,-285.6834382687043,0.0012241809244865226
0.33168356622578665,5.856195857569729e-05,-284.3569084722098,0.001224491854672213
0.33016719029378144,5.871051852654279e-05,-283.02185384407875,0.0012248025135291143
0.32864028066207285,5.885892354572417e-05,-281.6782494733925,0.001225112881245283
0.3271027968944956,5.900716405669305e-05,-280.32607073363005,0.0012254229378532353
0.32555469790606145,5.915523040681548e-05,-278.9652932886031,0.0012257326632292528
0.3239959418865286,5.930311286627635e-05,-277.5958930984534,0.001226042037092654
0.32242648622036785,5.945080162690242e-05,-276.217846425716,0.0012263510390050421
0.320846287402109,5.959828680089575e-05,-274.8311298414507,0.0012266596483695138
0.31925530094582716,5.974555841946752e-05,-273.43572023144367,0.0012269678444298386
0.3176534812873104,5.989260643136828e-05,-272.03159480248263,0.0012272756062695921
0.3160407816772283,6.0039420701307774e-05,-270.6187310887079,0.0012275829128112535
0.3144171540634173,6.018599100824248e-05,-269.19710695804207,0.001227889742815248
0.312782548960178,6.0332307043535634e-05,-267.7667006187027,0.0012281960748789355
0.3111369153022755,6.047835840895558e-05,-266.32749062579944,0.0012285018874355384
0.30948020028110007,6.062413461451093e-05,-264.8794558880213,0.0012288071587529949
0.30781234916021977,6.076962507608628e-05,-263.4225756744163,0.001229111866932732
0.30613330506729625,6.0914819112872866e-05,-261.9568296212692,0.0012294159899083445
0.3044430087590607,6.105970594454939e-05,-260.4821977390824,0.0012297195054441657
0.3027413983557347,6.120427468819572e-05,-258.9986604196638,0.0012300223911337167
0.301028409040938,6.134851435489553e-05,-257.5061984433306,0.0012303246243980145
0.2993039727227342,6.14924138459957e-05,-256.0047929862337,0.0012306261824837196
0.29756801765102325,6.163596194896969e-05,-254.4944256278118,0.0012309270424611
0.295820467986001,6.177914733284564e-05,-252.97507835838505,0.0012312271812217896
0.2940612433118361,6.192195854313151e-05,-251.44673358689644,0.001231526575476306
0.2922902580890951,6.206438399618097e-05,-249.9093741488152,0.0012318252017513012
0.2905074210387318,6.220641197292879e-05,-248.36298331421307,0.001232123036386508
0.28871263444967293,6.234803061191073e-05,-246.8075447960307,0.0012324200555313375
0.2869057934011469,6.248922790148908e-05,-245.2430427585498,0.001232716235141088
0.28508678488992856,6.26299916711708e-05,-243.66946182609146,0.0012330115509727126
0.2832554868515863,6.277030958191822e-05,-242.08678709196212,0.0012333059785800831
0.2814117670636281,6.291016911532066e-05,-240.4950041276729,0.0012335994933086961
0.2795554819171326,6.304955756149122e-05,-238.89409899246013,0.0012338920702897429
0.27768647504201777,6.31884620055272e-05,-237.28405824313987,0.0012341836844334633
0.27580457576953854,6.332686931237021e-05,-235.6648689443325,0.0012344743104216998
0.27390959741391474,6.346476610985775e-05,-234.03651867909926,0.0012347639226995472
0.27200133535316073,6.36021387697622e-05,-232.39899556003684,0.0012350524954659891
0.270079564887227,6.373897338656939e-05,-230.75228824088387,0.001235340002663398
0.2681440388494651,6.38752557537315e-05,-229.09638592869862,0.0012356264179657608
0.2661944849452043,6.40109713370917e-05,-227.43127839667568,0.001235911714765478
0.2642306027888745,6.41461052451551e-05,-225.7569559976785,0.0012361958661585655
0.2622520606086548,6.428064219583874e-05,-224.0734096785736,0.0012364788449280737
0.26025849158507475,6.441456647928875e-05,-222.38063099546434,0.001236760623525514
0.25824948978737544,6.45478619163261e-05,-220.67861212993373,0.0012370411740500625
0.2562246056687762,6.468051181201784e-05,-218.96734590641992,0.0012373204682252915
0.25418334107913887,6.481249890384002e-05,-217.2468258108642,0.0012375984773731483
0.2521251437509071,6.494380530382547e-05,-215.5170460107871,0.001237875172384871
0.2500494012116952,6.507441243405237e-05,-213.77800137696872,0.001238150523688516
0.24795543407458165,6.520430095475258e-05,-212.02968750693086,0.001238424501212724
0.24584248865508643,6.533345068426837e-05,-210.27210075044133,0.0012386970743463272
0.24370972886211772,6.546184051000443e-05,-208.50523823728804,0.0012389682118933705
0.24155622730892495,6.558944828947418e-05,-206.72909790759863,0.0012392378820230683
0.23938095558946884,6.571625074043836e-05,-204.94367854501442,0.001239506052214203
0.23718277366570853,6.584222331908653e-05,-203.14897981306112,0.0012397726891934123
0.23496041831232847,6.596734008512122e-05,-201.34500229509877,0.0012400377588667924
0.2327124905674911,6.609157355254076e-05,-199.5317475382731,0.0012403012262441927
0.2304374421415729,6.621489452482909e-05,-197.70921810193778,0.0012405630553555473
0.22813356074065408,6.633727191321174e-05,-195.87741761106537,0.0012408232091585566
0.22579895426804522,6.645867253655248e-05,-194.0363508152168,0.001241081649436986
0.22343153387556589,6.657906090141736e-05,-192.18602365369796,0.001241338336688835
0.22102899584684568,6.669839896078366e-05,-190.3264433275901,0.0012415932300035985
0.2185888023078477,6.681664584982562e-05,-188.45761837940685,0.0012418462869278155
0.21610816077531605,6.693375759719507e-05,-186.5795587811963,0.0012420974633181078
0.21358400257214133,6.70496868102063e-05,-184.69227603197956,0.0012423467131808922
0.21101296015988355,6.716438233234797e-05,-182.79578326548793,0.0012425939884979688
0.2083913434630528,6.727778887158896e-05,-180.89009536923874,0.0012428392390372099
0.20571511528729305,6.738984659801764e-05,-178.97522911606484,0.001243082412147606
0.20297986596443923,6.75004907094553e-05,-177.05120330929168,0.0012433234525379903
0.20018078739144893,6.760965096381887e-05,-175.11803894283148,0.00124356230203883
0.1973126466673643,6.771725117721038e-05,-173.17575937753992,0.0012437988993465694
0.19436975957256508,6.782320868691808e-05,-171.22439053525156,0.0012440331797501374
0.19134596417727512,6.792743377880644e-05,-169.26396111197772,0.0012442650748393702
0.18823459491123867,6.802982907890394e-05,-167.29450281180914,0.001244494512195281
0.18502845747309227,6.813028890938655e-05,-165.31605060311688,0.0012447214150623064
0.18171980500557192,6.822869860960248e-05,-163.32864299868345,0.001244945702002906
0.17830031601054883,6.832493382330378e-05,-161.33232236142132,0.001245167286535143
0.17476107452496378,6.841885975382458e-05,-159.32713523734336,0.0012453860767541935
0.17109255312401644,6.851033038956586e-05,-157.31313271743787,0.0012456019749390475
0.16728459936027967,6.859918770288887e-05,-155.2903708300669,0.0012458148771460431
0.16332642628530933,6.868526082622063e-05,-153.25891096544376,0.0012460246727912668
0.15920660773258066,6.87683652100438e-05,-151.21882033365736,0.0012462312442242706
0.15491307906563034,6.884830176825928e-05,-149.17017245758714,0.0012464344662960214
0.15043314411142866,6.892485601733771e-05,-147.1130477018945,0.0012466342059244454
0.14575348900513946,6.899779721659634e-05,-145.04753383908096,0.0012468303216614407
0.1408602036665086,6.906687751787755e-05,-142.9737266533649,0.0012470226632657023
0.13573881160914048,6.913183113387826e-05,-140.89173058284945,0.0012472110712862152
0.13037430875023936,6.919237353528736e-05,-138.80165940012873,0.0012473953766617592
0.12475121183918891,6.924820068783477e-05,-136.70363693110843,0.0012475754003422315
0.11885361705726025,6.929898834117552e-05,-134.59779781140026,0.00124775095293806
0.11266526925742268,6.934439138235096e-05,-132.48428827918562,0.0012479218344043734
0.10616964221232861,6.938404326725933e-05,-130.36326700293773,0.00124808783376697
0.09935003011959814,6.941755554413846e-05,-128.2349059418391,0.001248248728897423
0.09218965047779648,6.944451748352457e-05,-126.09939123614399,0.0012484042863448966
0.08467175829363054,6.946449582942615e-05,-123.95692412411034,0.0012485542612323836
0.07677977141348519,6.947703468656318e-05,-121.80772188147266,0.0012486983972251433
0.06849740659095489,6.948165555840836e-05,-119.65201877875248,0.0012488364265790426
0.05980882570978886,6.947785755047384e-05,-117.49006705101306,0.0012489680702763464
0.05069879138060078,6.946511775268979e-05,-115.32213787396927,0.0012490930382562018
0.0411528309231832,6.9442891813953e-05,-113.14852233967414,0.0012492110297466215
0.03115740753797945,6.941061472082615e-05,-110.96953242432939,0.001249321733704225
0.020700097263856493,6.936770179104943e-05,-108.7855019401196,0.0012494248293672594
0.009769770118946808,6.931354989091697e-05,-106.59678746236574,0.0012495199869266011
-0.0016432263686846776,6.924753888371654e-05,-104.4037692227403,0.0012496068683184344
-0.013546883208283969,6.916903331431214e-05,-102.20685195880178,0.00124968512814118
-0.025947347695285408,6.90773843325962e-05,-100.0064657097019,0.0012497544146980138
-0.038848745116832145,6.897193185597979e-05,-97.80306654760733,0.0012498143711649342
-0.05225300677244922,6.885200696832274e-05,-95.59713723417293,0.0012498646368828846
-0.06615970673981839,6.871693454980551e-05,-93.38918779131625,0.0012499048487708887
-0.08056590985177167,6.856603612920451e-05,-91.1797559755832,0.0012499346428555369
-0.095466033347761,6.839863294691877e-05,-88.96940764557291,0.001249953655910519
-0.11085172462005709,6.821404921397447e-05,-86.75873701221138,0.0012499615271982173
-0.12671175738917714,6.801161554908098e-05,-84.54836676213414,0.001249957900303722
-0.14303194851397238,6.779067257278222e-05,-82.33894804506143,0.001249942425049996
-0.15979509747076587,6.755057463480415e-05,-80.13116031682424,0.0012499147594813693
-0.176980950321341,6.729069364794975e-05,-77.92571103062333,0.0012498745719010688
-0.19456618973657985,6.701042299935775e-05,-75.72333517017282,0.0012498215429471557
-0.21252445235195389,6.670918150771356e-05,-73.52479461958379,0.0012497553676900568
-0.23082637440658332,6.638641739307607e-05,-71.33087736617343,0.0012496757577338524
-0.24943966626659125,6.604161222444689e-05,-69.14239653382535,0.0012495824433026983
-0.2683292160580198,6.567428480908343e-05,-66.96018924606203,0.0012494751752931501
-0.28745722224284015,6.528399498688534e-05,-64.78511531960137,0.0012493537272728296
-0.30678335457159095,6.487034729295386e-05,-62.618055790834035,0.0012492178974057863
-0.3262649424416504,6.443299445173676e-05,-60.45991127935681,0.0012490675102850696
-0.3458571892915968,6.397164066692744e-05,-58.311600194400846,0.0012489024186534885
-0.36551341127766007,6.348604467258034e-05,-56.17405679168255,0.0012487225049942498
-0.38518529811044383,6.297602251267487e-05,-54.04822908984869,0.001248527682974136
-0.4048231935943363,6.244145001859762e-05,-51.93507665726436,0.001248317898723138
-0.42437639310562625,6.188226495671946e-05,-49.83556828137578,0.0012480931319359238
-0.44379345498388123,6.129846882131826e-05,-47.75067953424637,0.001247853396782215
-0.4630225225912423,6.069012825159182e-05,-45.681390249093056,0.0012475987426150527
-0.48201165362819864,6.005737605526423e-05,-43.62868192371893,0.0012473292544679792
-0.5007091531785336,5.9400411825345026e-05,-41.593535067632516,0.0012470450533343565
-0.5190639068981401,5.871950214083149e-05,-39.57692651034763,0.0012467462962243573
-0.537025710760942,5.8014980346517504e-05,-37.579826688860045,0.0012464331759975032
-0.5545455938281721,5.728724591150313e-05,-35.60319693259151,0.0012461059209710418
-0.5715761306187731,5.653676337042628e-05,-33.647986764172735,0.0012457647943068166
-0.588071739818796,5.5764060855812804e-05,-31.715131234305094,0.0012454100931816316
-0.6039889662813542,5.496972823413175e-05,-29.805548308599732,0.0012450421477483717
-0.6192867435208246,5.415441486218895e-05,-27.920136323749098,0.0012446613198972571
-0.6339266342022034,5.331882698423203e-05,-26.05977152964982,0.0012442680018286282
-0.6478730464506521,5.246372479360399e-05,-24.22530573318124,0.0012438626144504485
-0.6610934241603195,5.158991918585954e-05,-22.41756405826651,0.0012434456056153425
-0.6735584098519998,5.0698268232968404e-05,-20.63734283562147,0.001243017448213371
-0.6852419790124241,4.9789673410491656e-05,-18.885407634251454,0.0012425786381379113
-0.6961215452344663,4.886507561144475e-05,-17.162491445308753,0.001242129692142921
-0.7061780358622312,4.79254509819186e-05,-15.469293027397317,0.0012416711456105136
-0.7153959382201608,4.697180661443754e-05,-13.80647542082918,0.0012412035502482014
-0.7237633168646969,4.600517613544369e-05,-12.17466463672232,0.0012407274717352909
-0.7312718026332757,4.5026615223306624e-05,-10.574448525205902,0.001240243487337849
-0.737916554580234,4.403719709277321e-05,-9.006375825386336,0.001239752183511319
-0.7436961961690554,4.3038007980937305e-05,-7.4709553981492025,0.0012392541535093463
-0.7486127273384245,4.203014266854527e-05,-5.9686556413451894,0.001238749995016614
-0.7526714142731767,4.1014700068881945e-05,-4.499904085451016,0.001238240307822593
-0.7558806588852687,3.999277891458389e-05,-3.0650871664239596,0.001237725691552024
-0.7582518501476242,3.896547357057295e-05,-1.6645501711941026,0.0012372067434667415
-0.759799199521654,3.793386999893645e-05,-0.29859735007213956,0.00123668405635214
-0.7605395627814677,3.689904189902632e-05,1.032507810698233,0.0012361582165001733
-0.7604922505649944,3.586204704337451e-05,2.3285421639407584,0.0012356298017993244
-0.7596788299716527,3.482392382725968e-05,3.589322332596171,0.0012350993799404757
-0.7581229194918642,3.3785688046953135e-05,4.814704005988426,0.0012345675067461045
-0.7558499794827831,3.2748329918858995e-05,6.0045811110174965,0.0012340347246287253
-0.7528871003162467,3.171281134898382e-05,7.158884868405738,0.001233501561183019
-0.7492627902091824,3.068006345947445e-05,8.27758274441957,0.0012329685279146626
-0.7450067646167524,2.9650984376327313e-05,9.360677308666308,0.0012324361191074925
-0.7401497389231149,2.8626437279908714e-05,10.408205008633944,0.0012319048108293525
-0.7347232260055665,2.7607248717568685e-05,11.420234871606956,0.001231375060075749
-0.728759340086151,2.659420717546285e-05,12.396867144462043,0.001230847304049327
-0.7222906081133845,2.558806190470222e-05,13.338231881633186,0.0012303219595721602
-0.7153497897466057,2.4589521995135794e-05,14.24448749124455,0.0012297994226269351
-0.7079697068456666,2.3599255688486733e-05,15.115819249052084,0.0012292800680223051
-0.7001830832025779,2.2617889921127353e-05,15.952437789419884,0.0012287642491769966
-0.6920223950898701,2.1646010085604226e-05,16.754577582094036,0.0012282522980166563
-0.6835197330475148,2.068415999899345e-05,17.522495403034924,0.0012277445249769565
-0.6747066751853205,1.9732842065380423e-05,18.256468807036548,0.0012272412191060827
-0.6656141721417194,1.879251761910905e-05,18.95679460930679,0.00122674264825946
-0.6562724437169412,1.7863607435021812e-05,19.623787382613834,0.00122624905937937
-0.6467108870846932,1.6946492391615362e-05,20.257777976027352,0.001225760678852022
-0.6369579963858039,1.6041514272921666e-05,20.859112060706064,0.0012252777129346019
-0.6270412934170186,1.5148976694937959e-05,21.428148707610333,0.0012248003482448774
-0.6169872690531766,1.4269146142578716e-05,21.96525900145635,0.001224328752306053
-0.6068213349715498,1.3402253103374493e-05,22.470824694679884,0.0012238630741397217
-0.5965677851957125,1.2548493284527433e-05,22.945236904647814,0.0012234034448999978
-0.5862497669306398,1.1708028900354974e-05,23.388894856847063,0.0012229499785421619
-0.5758892601266481,1.0880990017706999e-05,23.802204676295744,0.001222502772519449
-0.5655070651868028,1.0067475947511897e-05,24.185578228963433,0.0012220619085019384
-0.5551227982147005,9.267556671247179e-06,24.53943201455597,0.0012216274531118493
-0.5447548931928583,8.481274291812375e-06,24.864186111618384,0.0012211994586699068
-0.5344206104805863,7.708644498977356e-06,25.160263175536738,0.0012207779639478236
-0.5241360510257359,6.949658040300214e-06,25.428087489676333,0.001220362994922322
-0.513916175695988,6.204282189139757e-06,25.6680840695799,0.0012199545655264986
-0.5037748291497891,5.472462202113859e-06,25.880677819865014,0.001219552678394726
-0.49372476768954504,4.754122759077369e-06,26.066292743203743,0.0012191573255976459
-0.48377769055879893,4.049169379406133e-06,26.225351200539034,0.001218768489364186
-0.47394427417537077,3.3574898090472736e-06,26.35827322149061,0.001218386142787885
-0.46423420881632704,2.6789553734900525e-06,26.4654758637266,0.0012180102505151423
-0.45465623730263477,2.013422292418268e-06,26.547372619925085,0.0012176407694133487
-0.445218195261017,1.3607329524432263e-06,26.604372870820047,0.0012172776492171472
-0.43592705257124836,7.207171348718165e-07,26.636881382718254,0.0012169208331513821
-0.42678895563860014,9.319319601385533e-08,26.64529784778546,0.0012165702585295464
-0.4178092701624102,-5.220308019628652e-07,26.63001646533017,0.0012162258573268079
-0.408992624102121,-1.1251560111458866e-06,26.591425562260962,0.0012158875567269197
-0.4003429505715479,-1.7163917700640888e-06,26.52990725085521,0.0012155552796425382
-0.39186353042192085,-2.2959546286245283e-06,26.445837121954487,0.001215228945208662
-0.3835570343015417,-2.8640674261466752e-06,26.339583971690683,0.0012149084692490986
-0.3754255640057909,-3.420958422502475e-06,26.211509559847876,0.0012145937647159988
-0.36747069295817514,-3.966860482083134e-06,26.061968397975605,0.0012142847421026679
-0.35969350568416186,-4.502010310055391e-06,25.891307565388633,0.0012139813098299664
-0.35209463616468273,-5.026647740156085e-06,25.69986655121573,0.001213683374606735
-0.3446743049741905,-5.541015073057382e-06,25.48797712069358,0.0012133908417647646
-0.33743235512944764,-6.04535646419527e-06,25.255963203941405,0.0012131036155689182
-0.3303682865915419,-6.539917359785891e-06,25.004140805495915,0.0012128215995030707
-0.3234812893802445,-7.0249439796720985e-06,24.73281793293379,0.0012125446965325934
-0.3167702752746657,-7.5006828455135675e-06,24.442294542959818,0.001212272809344146
-0.3102339080870778,-7.967380352800943e-06,24.132862503391294,0.0012120058405635785
-0.303870632509784,-8.425282385097256e-06,23.804805569524113,0.0012117436929527554
-0.29767870154370274,-8.87463396889243e-06,23.45839937342068,0.0012114862695861432
-0.29165620252932384,-9.315678967437994e-06,23.093911424715813,0.0012112334740079916
-0.2858010818071362,-9.748659811923686e-06,22.711601121591706,0.0012109852103709506
-0.28011116804297737,-1.0173817268385266e-05,22.311719770628063,0.0012107413835569408
-0.27458419426005387,-1.059139023873959e-05,21.89451061428681,0.0012105018992811017
-0.26921781862486277,-1.1001615594396988e-05,21.460208864843114,0.0012102666641795956
-0.264009644038776,-1.140472804093723e-05,21.009041743624675,0.0012100355858820446
-0.2589572365917883,-1.180096001239323e-05,20.5412285244697,0.0012098085730693337
-0.25405814293739826,-1.2190541593754782e-05,20.056980580359703,0.001209585535517485
-0.24930990665115732,-1.257370047036841e-05,19.556501432226625,0.0012093663841282764
-0.2447100836375835,-1.2950661902983305e-05,19.03998679897457,0.0012091510309472306
-0.24025625665183967,-1.3321648727290494e-05,18.507624647793655,0.001208939389169569
-0.23594604900443006,-1.3686881376865674e-05,17.959595243878017,0.0012087313731346727
-0.2317771375182725,-1.404657792853854e-05,17.39607119869127,0.0012085268983095536
-0.22774726480881807,-1.4400954169293703e-05,16.81721751594984,0.001208325881261788
-0.2238542509584207,-1.4750223683909261e-05,16.223191634519075,0.0012081282396223182
-0.22009600465749599,-1.5094597962646637e-05,15.6141434674369,0.001207933892038474
-0.21647053388525755,-1.543428652840081e-05,14.990215436296246,0.0012077427581175207
-0.2129759562039465,-1.5769497082839325e-05,14.3515425002297,0.0012075547583609734
-0.20961050874127604,-1.6100435671166046e-05,13.698252178748032,0.00120736981408988
-0.20637255793677373,-1.6427306865260555e-05,13.030464567687897,0.0012071878473611996
-0.2032606091285867,-1.6750313965063428e-05,12.348292347523223,0.001207008780875366
-0.20027331605961124,-1.7069659218210437e-05,11.65184078328966,0.0012068325378750363
-0.19740949038229025,-1.7385544058035094e-05,10.941207715360731,0.0012066590420349954
-0.19466811124443104,-1.7698169360203723e-05,10.216483540299052,0.001206488217343092
-0.19204833504038246,-1.800773571838304e-05,9.477751180985234,0.0012063199879720344
-0.1895495054151206,-1.831444373948524e-05,8.725086045200385,0.0012061542781417877
-0.18717116361210587,-1.8618494359200247e-05,7.958555971805762,0.0012059910119722554
-0.18491305925982524,-1.892008917867633e-05,7.178221163624086,0.0012058301133258285
-0.18277516169684227,-1.921943082339516e-05,6.384134106081588,0.0012056715056393197
-0.18075767194094966,-1.9516723325465463e-05,5.576339470616783,0.0012055151117447021
-0.17886103541405757,-1.981217253076319e-05,4.7548740018013484,0.0012053608536779729
-0.1770859555421224,-2.0105986532560875e-05,3.9197663870496093,0.0012052086524753692
-0.17543340835805973,-2.0398376133503352e-05,3.071037107714611,0.0012050584279560417
-0.17390465824526097,-2.06895553380739e-05,2.2086982702815687,0.0012049100984901798
-0.17250127497035467,-2.097974187791268e-05,1.332753416270244,0.0012047635807514458
-0.17122515216693732,-2.1269157772699428e-05,0.44319730934826745,0.0012046187894524415
-0.17007852744596666,-2.1558029929591672e-05,-0.45998430196575557,0.0012044756370617582
-0.16906400432553298,-2.184659078459835e-05,-1.37681494776689,0.001204334033501019
-0.168184576190592,-2.2135078989632307e-05,-2.307327728306037,0.0012041938858201008
-0.1674436525150876,-2.2423740149433657e-05,-3.2515656356878044,0.0012040550978485447
-0.16684508760209507,-2.2712827613023583e-05,-4.209581907989722,0.001203917569820925
-0.1663932121252146,-2.3002603324873677e-05,-5.181440418275829,0.0012037811979736866
-0.1660928677846746,-2.3293338741569227e-05,-6.167216101208086,0.001203645874110698
-0.16594944542606915,-2.3585315820381042e-05,-7.166995420214333,0.001203511485134434
-0.1659689270096301,-2.3878828086896716e-05,-8.180876878454384,0.0012033779125393777
-0.16615793186126004,-2.4174181789669665e-05,-9.208971577140277,0.0012032450318638247
-0.16652376768767957,-2.4471697150736167e-05,-10.251403825114568,0.001203112712095851
-0.16707448689443943,-2.4771709721874366e-05,-11.308311803977755,0.0012029808150287222
-0.16781894881094808,-2.507457185760791e-05,-12.379848293484924,0.0012028491945604712
-0.16876688849879048,-2.5380654317226602e-05,-13.466181462409429,0.0012027176959317704
-0.16992899290462038,-2.569034800953419e-05,-14.567495730601495,0.0012025861548955394
-0.17131698521204636,-2.600406589563144e-05,-15.683992708560629,0.0012024543968109592
-0.17294371835587946,-2.632224506687257e-05,-16.815892221497613,0.001202322235653693
-0.1748232787846027,-2.6645349017170094e-05,-17.96343342559464,0.0012021894729331408
-0.17697110169681624,-2.6973870131143994e-05,-19.126876024989087,0.0012020558965064544
-0.17940409913761735,-2.7308332412228233e-05,-20.306501598917954,0.0012019212792777798
-0.18214080252335293,-2.7649294477818763e-05,-21.502615049478607,0.0012017853777697856
-0.18520152137231652,-2.7997352851913794e-05,-22.715546181599656,0.0012016479305529406
-0.18860852025839323,-2.83531455895211e-05,-23.94565142808991,0.001201508656516168
-0.19238621627907768,-2.871735627146494e-05,-25.193315734059556,0.0012013672529604528
-0.1965613996447727,-2.909071841317906e-05,-26.458954616606732,0.001201223393494614
-0.2011634803583098,-2.9474020336725386e-05,-27.743016417456076,0.0012010767257097784
-0.20622476437120732,-2.986811056174389e-05,-29.045984768249657,0.0012009268686060317
-0.21178076308383106,-3.0273903778423007e-05,-30.36838129045357,0.0012007734097412308
-0.2178705406115187,-3.069238747403713e-05,-31.710768554388718,0.001200615902067963
-0.22453710388066836,-3.112462929432025e-05,-33.07375332475944,0.001200453860420059
-0.2318278413606951,-3.157178523207132e-05,-34.4579901232813,0.0012002867576048203
-0.23979501709876702,-3.2035108748248715e-05,-35.86418514264951,0.0012001140200510853
-0.24849632772322158,-3.25159609455582e-05,-37.29310055019629,0.0011999350229563313
-0.25799553124271113,-3.3015821931631624e-05,-38.74555922422461,0.0011997490848680088
-0.2683631578204059,-3.353630352859713e-05,-40.222449971248544,0.0011995554616250983
-0.2796773142789565,-3.407916350867634e-05,-41.72473327830052,0.0011993533395752362
-0.29202459593385344,-3.464632156194143e-05,-43.25344766117706,0.0011991418279704276
-0.305501121505985,-3.523987723311662e-05,-44.80971667709654,0.001198919950430113
-0.3202137093884623,-3.5862130100137806e-05,-46.39475667885525,0.0011986866353437759
-0.3362812165031619,-3.6515602508918285e-05,-48.009885397334585,0.00119844070506604
-0.3538360644654286,-3.720306522756185e-05,-49.65653145028777,0.0011981808637347995
-0.3730259818721505,-3.7927566440345134e-05,-51.336244887902055,0.0011979056835167761
-0.39401599636428364,-3.869246456872334e-05,-53.050708899893216,0.0011976135890543883
-0.41699071582568153,-3.9501465485294604e-05,-54.80175282507291,0.0011973028398521055
-0.4421569448406669,-4.0358664779257855e-05,-56.59136662269379,0.0011969715102985881
-0.46974669054471196,-4.1268595841206824e-05,-58.421716985707825,0.0011966174669717927
-0.5000206215218069,-4.223628466433308e-05,-60.29516529968824,0.0011962383428164192
-0.5332720547209329,-4.326731241230433e-05,-62.21428767791222,0.0011958315077149847
-0.5698315588582007,-4.436788698605126e-05,-64.18189733335808,0.0011953940348934542
-0.610072278873274,-4.554492503841409e-05,-66.20106958253581,0.0011949226625073243
-0.6544161052658205,-4.680614614426221e-05,-68.27516981456026,0.0011944137496415193
-0.7033408351975424,-4.816018114329974e-05,-70.40788480210651,0.0011938632258238862
-0.7573884999058673,-4.961669704423056e-05,-72.6032577792432,0.0011932665329933154
-0.8171750662024662,-5.118654132584233e-05,-74.86572776494855,0.0011926185586744482
-0.8834017597993754,-5.2881909009748e-05,-77.20017367057277,0.00119191355888538
-0.9568683063431334,-5.4716536531817024e-05,-79.61196379461448,0.0011911450690352576
-1.0384884440829372,-5.6705927230873306e-05,-82.10701137858048,0.0011903058007460873
-1.129308132142211,-5.886761423661476e-05,-84.69183697253672,0.0011893875221463711
-1.230526962949513,-6.12214677149719e-05,-87.37363843658709,0.0011883809187199397
-1.3435233895556,-6.379005486988123e-05,-90.16036948212582,0.001187275431235317
-1.4698845019720377,-6.65990628712024e-05,-93.06082772978827,0.0011860590666093415
-1.6114412356323082,-6.967779706236029e-05,-96.08475332258065,0.0011847181767497997
-1.7703100746738292,-7.305976950433949e-05,-99.24293917213693,0.001183237199446715
-1.948942528826206,-7.678339627102511e-05,-102.5473539177235,0.00118159835420625
-2.1501839218763217,-8.089282609975101e-05,-106.01127861842507,0.001179781284503817
-2.3773433391582457,-8.543892824731868e-05,-109.64945804533264,0.0011777626362255136
-2.634276948723357,-9.048047400117741e-05,-113.47826714399125,0.001175515560012883
-2.925487342648139,-9.608555463513323e-05,-117.51589272805158,0.0011730091227606214
-3.256242046353281,-0.00010233328918948392,-121.78252964301983,0.0011702076105683376
-3.6327149155840885,-0.00010931588897528209,-126.3005893614227,0.001167069701939167
-4.062154775389088,-0.00011714116306021429,-131.09491703427435,0.0011635474858741337
-4.5530863308591005,-0.00012593557141743874,-136.19301013964937,0.001159585294667239
-5.115549048009675,-0.00013584796158543655,-141.62522762833848,0.0011551183156279284
-5.7613802747655525,-0.00014705416291112473,-147.42497229127522,0.0011500709396730642
-6.504549185726206,-0.00015976266296468728,-153.62882015093805,0.0011443547978846375
-7.361547913273547,-0.00017422165810282022,-160.27655787167083,0.0011378664300741787
-8.351845003977855,-0.00019072786099436892,-167.41107091068767,0.0011304845228381458
-9.498403331574607,-0.0002096375717922273,-175.07799921678435,0.001122066649840974
-10.828258503152027,-0.00023138069071057304,-183.32504077802838,0.0011124454464456163
-12.373142437251326,-0.000256478589308731,-192.20073231559672,0.0011014241583426345
-14.170116513694657,-0.00028556709811834247,-201.75246593358457,0.001088771526377961
-16.26214330448283,-0.0003194263591013155,-212.02340461948103,0.0010742160190438529
-18.698464857385943,-0.0003590200099794948,-223.04783199617214,0.00105743951999265
-21.5345509046074,-0.00040554723427798777,-234.84430855964786,0.0010380707543916812
-24.831202160526445,-0.0004605128146133391,-247.40581138531857,0.001015679052628422
-28.65209352153009,-0.0005258227616755676,-260.6858309783889,0.0009897695996606603
-33.0585475527514,-0.000603916812513234,-274.57925915867514,0.0009597822610493836
-38.09955390848604,-0.0006979547898309391,-288.8969985977262,0.000925097653149154
-39.88092003071583,-0.0007326457552774667,-293.59969646836373,0.0009126907652527965
-41.739706332015274,-0.0007697895118551335,-298.323005258102,0.0008996358020831357
-42.36487596487469,-0.0007825160270809291,-299.87081619939005,0.0008952169031574609
-43.00667838186154,-0.0007957106310110015,-301.4389289693422,0.000890664462328367
-43.13602536926719,-0.000798386124216331,-301.752425394894,0.0008897449447487592
-43.17200167465032,-0.0007991312661692757,-301.83947022325646,0.0008894890683200248
-37.95843084545758,-0.0007995345306871883,-301.897073246236,0.0008893507052124476
-37.99166962257285,-0.0008001013113535426,-301.9813071918371,0.0008891563087491084
-38.03504908437627,-0.000800841229756212,-302.0910999035727,0.0008889026096873226
-38.088604772292065,-0.0008017550693743521,-302.2264305322244,0.0008885894037747243
-38.15238052713441,-0.0008028437996953568,-302.38727306613566,0.0008882164386227623
-38.22642850000949,-0.0008041085784111812,-302.5735961383312,0.0008877834133614964
-38.31080916424139,-0.0008055507540473628,-302.78536279542067,0.0008872899782288734
-38.40559132772733,-0.0008071718690340284,-303.0225302273607,0.000886735734094359
-38.51085214505157,-0.000808973663229796,-303.2850494569943,0.0008861202319167955
-38.62667712857687,-0.0008109580779111083,-303.5728649881302,0.0008854429721363754
-38.753160157588916,-0.0008131272602412436,-303.88591441076494,0.0008847034040006336
-38.8904034844556,-0.0008154835682350239,-304.22412796188246,0.000883900924824403
-39.038517736597754,-0.0008180295762370848,-304.58742804010376,0.0008830348791837229
-39.19762191292981,-0.0008207680809335183,-304.9757286722794,0.0008821045580437629
-39.3678433732569,-0.0008237021079187069,-305.3889349299474,0.0008811091978209107
-39.549317818885896,-0.0008268349188413323,-305.8269422933923,0.0008800479793792799
-39.742189262557865,-0.0008301700191557625,-306.2896359608582,0.0008789200269620394
-39.946609985554204,-0.0008337111665074345,-306.77689010027774,0.0008777244070581219
-40.16274047955728,-0.0008374623797833306,-307.2885670406811,0.0008764601272050734
-40.390749370637835,-0.0008414279488613559,-307.8245164002558,0.0008751261347290464
-40.63081332235324,-0.0008456124450952308,-308.3845741478185,0.0008737213154231999
-40.88311691471686,-0.0008500207325745504,-308.96856159426085,0.0008722444921661183
-41.147852495338455,-0.0008546579802028784,-309.5762843103186,0.0008706944234822138
-41.425219998712976,-0.0008595296746401523,-310.20753096680806,0.0008690698020465264
-41.715426729175235,-0.0008646416341593703,-310.86207209326216,0.0008673692531368319
-42.01868710258495,-0.0008700000234714155,-311.5396587506947,0.0008655913330365354
-42.33522234125602,-0.0008756113695760673,-312.24002111401586,0.0008637345273924873
-42.665260116167154,-0.0008814825787017473,-312.96286695942763,0.0008617972495325966
-43.00903412977569,-0.0008876209544013066,-313.70788005194044,0.0008597778387489579
-43.36678363220697,-0.0008940342168763524,-314.4747184279785,0.0008576745585531644
-43.73875286280131,-0.0009007305236080908,-315.26301256788514,0.0008554855949115426
-44.12519040827772,-0.0009077184913786106,-316.0723634530056,0.0008532090544692637
-44.52634846791837,-0.000915007219772867,-316.90234050191776,0.0008508429627736295
-44.942482015330825,-0.0009226063162584796,-317.752479380312,0.0008483852625083537
-45.37384784530704,-0.0009305259229477645,-318.62227967899213,0.0008458338117523535
-45.82070349344636,-0.0009387767451543409,-319.5112024544936,0.0008431863822784534
-46.28330601490119,-0.0009473700818651153,-320.4186676269021,0.0008404406579094984
-46.76191060773462,-0.0009563178582575664,-321.34405122961715,0.0008375942329517216
-47.256769064940336,-0.0009656326604021044,-322.2866825060545,0.00083464461072777
-47.76812803812277,-0.0009753277722998055,-323.24584084863625,0.0008315892022346575
-48.296227094448874,-0.0009854172154172356,-324.2207525758948,0.0008284253249550542
-48.841296547163516,-0.0009959157908923195,-325.21058754413133,0.0008251502018537601
-49.40355503870816,-0.0010068391245984095,-326.21445559086123,0.0008217609605950074
-49.98320685407632,-0.0010182037152679352,-327.2314028082437,0.0008182546330203559
-50.580438940747136,-0.0010300269858923537,-328.26040764589385,0.0008146281549314485
-51.19541761033503,-0.0010423273386316258,-329.30037684391283,0.0008108783662267711
-51.82828489590964,-0.0010551242134842693,-330.3501411987031,0.0008070020114468444
-52.479154537987164,-0.001068438150988246,-331.40845116618385,0.0008029957407879448
-53.14810757130492,-0.0010822908592436579,-332.4739723094351,0.0007988561116505402
-53.83518748403335,-0.0010967052855705595,-333.54528060062296,0.0007945795907951049
-54.54039492091851,-0.001111705693139317,-334.6208575903336,0.0007901625571848529
-55.26368190195837,-0.0011273177429369377,-335.69908546122537,0.000785601305602128
-56.00494552918413,-0.001143568581460849,-336.7782419872517,0.0007808920511327502
-56.76402115550514,-0.0011604869345618752,-337.85649542465774,0.0007760309346203845
-57.54067499189767,-0.0011781032078908196,-338.93189936656916,0.0007710140292009672
-58.33459613252461,-0.0011964495944382719,-340.0023875993299,0.0007658373480352444
-59.14538798179529,-0.0012155601896952524,-341.0657690058464,0.0007604968533654288
-59.97255907323205,-0.001235471115003248,-342.11972256911116,0.0007549884670296793
-60.81551327747821,-0.0012562206497062957,-343.16179253784435,0.000749308082575364
-61.67353940594129,-0.001277849372765303,-344.18938382582195,0.0007434515791185812
-62.54580022810282,-0.0013004003145458691,-345.1997577269816,0.0007374148371029339
-63.431320934067344,-0.001323919119545794,-346.19002803976815,0.000731193756114644
-64.32897709045837,-0.001348454220887384,-347.15715770639446,0.0007247842749134023
-65.23748215686624,-0.0013740570274627755,-348.0979560856345,0.0007181823938383119
-66.15537465259659,-0.0014007821246879236,-349.0090769913526,0.0007113841997453888
-67.0810050889586,-0.0014286874898927892,-349.8870176430008,0.0007043858936266641
-68.01252281177,-0.0014578347234515605,-350.72811868858116,0.0006971838210503023
-68.94786293119382,-0.0014882892968374817,-351.5285654747462,0.0006897745055455295
-69.88473355239056,-0.0015201208188717092,-352.28439075243443,0.0006821546850347549
-70.82060355982004,-0.0015534033215244024,-352.9914790192141,0.0006743213513871598
-71.7526912502455,-0.0015882155667182297,-353.6455727107674,0.0006662717931323849
-72.6779541540576,-0.001624641375678894,-354.2422804630235,0.0006580036413288855
-73.59308043034305,-0.0016627699824729807,-354.7770876725108,0.0006495149185281966
-74.49448226674839,-0.0017026964134688937,-355.2453695846688,0.0006408040907130677
-75.37829175967417,-0.001744521894549551,-355.64240713713366,0.000631870122013636
-76.24035979074392,-0.0017883542879937285,-355.96340577623425,0.000622712531921121
-77.07625845014903,-0.0018343085610224347,-356.2035174490161,0.0006133314546230176
-77.8812875830057,-0.0018825072880740172,-356.357865948756,0.0006037276999777448
-78.65048604823403,-0.001933081188921209,-356.42157575801343,0.0005939028155311425
-79.37864827685674,-0.0019861697047691383,-356.38980448862475,0.0005838591488535716
-80.06034669424952,-0.0020419216144681395,-356.25777896172343,0.0005735999093468867
-80.68996052487088,-0.002100495692930173,-356.0208349021372,0.0005631292285382427
-81.26171142412625,-0.0021620614137429087,-355.6744601399782,0.0005524522177464085
-81.76970627764469,-0.0022267996978193884,-355.21434111798754,0.0005415750218807964
-82.20798736941802,-0.002294903709690603,-354.6364123968571,0.0005305048680193424
-82.57058994714383,-0.002366579702728107,-353.9369087337251,0.0005192501073152463
-82.85160700373268,-0.002442047914158072,-353.1124191834123,0.0005078202487113653
-83.04526085211194,-0.002521543510177946,-352.159942540845,0.0004962259829023987
-83.1459807990426,-0.00260531758079278,-351.076943310391,0.00048447919498645
-83.1484859302936,-0.0026936381831280673,-349.86140725843916,0.00047259296429646384
-83.04787171406477,-0.002786791430925899,-348.51189548517476,0.00046058155000494204
-82.83969882419977,-0.002885082626665502,-347.02759584653745,0.0004484603612573579
-82.52008229490369,-0.0029888374312391592,-345.40837047463094,0.00043624591081402986
-82.08577886164771,-0.003098403064328123,-343.6547980913536,0.00042395575146753897
-81.53427013712398,-0.0032141495265244546,-341.76820979237124,0.00041160839485062853
-80.86383913505522,-0.003336470831792229,-339.7507170026479,0.00039922321265198227
-80.07363760564246,-0.00346578623600614,-337.60523037518703,0.0003868203207046734
-79.16374169894358,-0.0036025414439885047,-335.3354685242371,0.00037442044689105
-78.13519363708485,-0.003747209773615992,-332.94595565354746,0.0003620447843015259
-76.99002735647424,-0.0039002932510983886,-330.4420073572463,0.00034971483157348704
-75.73127647541808,-0.0040623236063365995,-327.82970413072337,0.0003374522227987257
-74.36296343990757,-0.0042338631312169835,-325.1158524237515,0.0003252785498010237
-72.89006928316803,-0.004415505356636592,-322.30793338763254,0.0003132151799279761
-71.31848407758712,-0.004607875495792847,-319.4140397997201,0.00030128307275311886
-69.65493882983986,-0.0048116305915910755,-316.4428019780975,0.0002895025992297844
-67.90692023690302,-0.005027459294671556,-313.40330381145384,0.000277893366865544
-66.08257034545086,-0.0052560811852496074,-310.3049903095343,0.0002664740543901988
-64.19057370552875,-0.005498245536387663,-307.15756831431406,0.00025526225917216325
-62.24003505007218,-0.005754729398151673,-303.9709021897979,0.00024427436030551654
-60.24035084136401,-0.006026334861023825,-300.75490642049874,0.00023352539985701157
-58.201078187061476,-0.006313885332658227,-297.5194370902013,0.0002230289842483997
-56.13180463732102,-0.006618220634354028,-294.27418418249516,0.00021279720717822022
-53.98250851729411,-0.0069401269163287425,-291.0310932452024,0.00020284235593970022
-51.64497637750135,-0.007279321520632614,-287.8406801935742,0.00019320154622278854
-49.33543175797683,-0.007635896909038566,-284.72908231059074,0.00018389152698152937
-47.0619150625335,-0.008010372047831994,-281.7016614449239,0.00017491317005920254
-44.83152709164352,-0.00840320798064334,-278.762831395699,0.0001662657763421727
-42.650431321886124,-0.00881479104882268,-275.9160512728722,0.0001579472047071507
-40.52387323196983,-0.009245413462021365,-273.1638271982732,0.00014995400677067698
-38.45621414748635,-0.00969525097214945,-270.5077210281818,0.0001422815644486677
-36.45097701314829,-0.010164337433886636,-267.94836476560744,0.00013492422766598947
-34.510901544093706,-0.010652536089515295,-265.4854793698774,0.0001278754499221399
-32.638006335312774,-0.011159507502441388,-263.1178967574348,0.00012112791980019035
-30.833655696740337,-0.011684674190736731,-260.8435839154994,0.00011467368688578158
-29.098629209514947,-0.012227182188271542,-258.65966821449774,0.00010850428092778351
-27.4331922460734,-0.01278585999520778,-256.56246320170993,0.00010261082341187691
-25.837165945547152,-0.013359175679117846,-254.54749438392722,9.698413102528472e-05
-24.309995372516077,-0.013945193257011667,-252.60952475841697,9.161481076023864e-05
-22.85081480028193,-0.014541529925901752,-250.7425801268775,8.649334663270739e-05
-21.458509242621474,-0.015145316205645151,-248.9399745241231,8.161017818036109e-05
-20.131771506328736,-0.015753161591359175,-247.19433640894,7.695577104987115e-05
-18.869154150787175,-0.016361128847188943,-245.49763659433646,7.252068008954282e-05
-17.66911582383414,-0.0169647205540329,-243.84121923105175,6.829560543063062e-05
-16.530061502264463,-0.0175588818771668,-242.21583749048688,6.42714420715136e-05
-15.450376211190534,-0.018138023654173697,-240.61169590506978,6.043932347556423e-05
-14.428451842956756,-0.018696069716475288,-239.01850159317146,5.679065965866773e-05
-13.462706759582602,-0.019226531746909248,-237.42552679314326,5.331717017907851e-05
-12.551597960085573,-0.0197226138577737,-235.82168522115776,5.001091235448931e-05
-11.693625741539993,-0.02017734740731103,-234.1956247092532,4.6864304923818404e-05
-10.887330992835018,-0.02058375438444408,-232.5358383293599,4.38701472507413e-05
-10.13128553753987,-0.020935035099017892,-230.83079572329697,4.102163404057649e-05
-9.424076281919174,-0.02122477313769717,-229.06909560286678,3.8312365421970585e-05
-8.764284307131831,-0.021447147899929887,-227.2396393380328,3.573635214178522e-05
-8.15046043863424,-0.021597142894855106,-225.3318242187572,3.328801554887171e-05
-7.581099185895581,-0.02167073674822594,-223.3357533934135,3.096218201344099e-05
-7.054613219157258,-0.021665063861731792,-221.24245772872808,2.8754071455708476e-05
-6.569310684162526,-0.021578533064534947,-219.04412301944686,2.6659279749548976e-05
-6.12337760683653,-0.021410895371558457,-216.73431425572906,2.4673754928096404e-05
-5.7148673821218114,-0.02116325585810663,-214.30818721672858,2.2793767345669384e-05
-5.341698875227722,-0.020838029214166668,-211.76267669572073,2.101587423299358e-05
-5.0016640189631385,-0.020438843162942092,-209.09665035873778,1.933687940072392e-05
-4.692445025309114,-0.019970398004545524,-206.31101773867212,1.7753789172449873e-05
-4.411640521162738,-0.019438293560098418,-203.40878524657367,1.6263765930077876e-05
-4.156799155385478,-0.018848836415219405,-200.39505032894408,1.4864080897421485e-05
-3.925458592077959,-0.018208840504053195,-197.27693090134633,1.3552067940411452e-05
-3.7199866029430684,-0.017525541339641144,-194.06223039879043,1.2325004029831202e-05
-3.4200577611971354,-0.016799429417427927,-190.8397330983658,1.1184926854199437e-05
-3.156631890140238,-0.016032911553375644,-187.69313511795264,1.013245971275034e-05
-2.9253096067765636,-0.015237141337686078,-184.6116789244362,9.162155402188782e-06
-2.722017789964978,-0.014422592199384125,-181.58730550660917,8.268944526450747e-06
-2.5430280310057363,-0.013598869306187032,-178.61434404401373,7.448075208105127e-06
-2.3849673789839994,-0.012774593590790593,-175.6891816159325,6.695062853869724e-06
-2.2448209815113493,-0.01195734773137498,-172.80992522604515,6.005649740469623e-06
-2.119926792187549,-0.011153671823747819,-169.97606774990197,5.375773789010714e-06
-2.00796302227441,-0.010369096171106568,-167.18816817647934,4.80154559669177e-06
-1.906929403937637,-0.009608199572203342,-164.44755482664445,4.279232595522571e-06
-1.8151235832527188,-0.008874683200362752,-161.7560582450038,3.805249104108379e-06
-1.7311140727492749,-0.008171452202898902,-159.11577834577872,3.3761510202078527e-06
-1.6537111818428052,-0.007500699192383168,-156.52888830846226,2.9886339541037706e-06
-1.581937234449601,-0.006863985640537932,-153.99747580024084,2.639533708796715e-06
